6518717,53241860,53253686,42.781,25,1,2
6499869,53241860,53197854,85.832,25,1,2
6499869,53241860,53092886,117.54599999999999,25,1,2
6449795,53202954,53196854,57.265,25,1,2
6449798,53202955,53064196,60.147,25,1,2
239023797,2468395023,53198984,93.171,25,1,2
239023656,2468392976,993051733,170.117,25,1,2
6499875,53241876,281651687,55.94500000000001,25,1,2
253894070,2597652501,2468395604,34.668,25,1,2
25476309,53182487,2475671410,157.423,25,1,2
25476313,53182487,53092254,780.841,25,1,2
239796457,53182487,4587733657,195.324,25,1,2
239796457,53182487,4587733641,239.809,25,1,2
6510498,53248028,53227179,69.519,25,1,2
6442364,53196835,53167099,103.929,25,1,2
6389617,53123110,53136533,36.753,25,1,2
6378906,53123110,53084962,180.35199999999998,25,1,2
6378906,53123110,53084941,38.516999999999996,25,1,2
6378906,53123112,53084962,109.428,25,1,2
6390131,53123112,53137103,199.427,25,1,2
6390131,53123112,53137099,117.768,25,1,2
6471883,2475685937,53192786,328.99700000000007,25,1,2
6456892,53209138,53167078,58.076,25,1,2
6449795,53196854,53202954,57.265,25,1,2
239024154,53196854,2597649566,177.765,25,1,2
239024154,53196854,2468397851,69.52499999999999,25,1,2
6434415,53182524,53119893,44.373,25,1,2
6427089,53182524,53182533,263.973,25,1,2
6434415,53182524,53189285,149.586,25,1,2
6352039,53090369,53068185,32.44,25,1,2
6477753,53123138,53225277,85.823,25,1,2
6341820,53123138,53064873,207.743,25,1,2
6378930,53123138,53084952,73.35,25,1,2
6480307,53182533,53189281,54.894,25,1,2
6427089,53182533,53182524,263.973,25,1,2
6480307,53182533,53189291,161.144,25,1,2
6393780,53141577,53141580,53.598,25,1,2
55198738,53141577,53201947,131.36599999999999,25,1,2
55198738,53141577,1203698859,181.29500000000002,25,1,2
28130913,308969545,308969552,117.72800000000001,25,1,2
6393780,53141580,53141585,66.566,25,1,2
6393780,53141580,53141577,53.598,25,1,2
6439878,53141580,53194660,83.65199999999999,25,1,2
6521496,308969552,53194138,40.416,25,1,2
6521496,308969552,53250324,56.391,25,1,2
28130913,308969552,308969545,117.72800000000001,25,1,2
6393780,53141585,53141586,52.928,25,1,2
6393780,53141585,53141580,66.566,25,1,2
6433590,53141585,53188570,53.869,25,1,2
6393780,53141586,53090621,69.087,25,1,2
6393780,53141586,53141585,52.928,25,1,2
6522422,53141586,53201947,157.97899999999998,25,1,2
313913538,2468390993,3334915324,100.732,25,1,2
6357020,53096528,53096529,75.629,25,2,2
6496402,53096528,53187412,54.17,25,1,2
6496402,53096528,306727401,57.557,25,1,2
6499854,53096529,53187411,76.932,25,1,2
6499854,53096529,53241846,89.278,25,1,2
92161110,53096529,1069943216,126.702,25,2,2
6443000,53096534,53197338,59.98,25,1,2
92161109,53096534,305288621,95.641,25,1,2
92161109,53096534,53096536,248.575,25,1,2
6457824,53096530,53139585,55.399,25,1,2
92161108,53096530,1069943216,115.40199999999999,25,1,2
92161109,53096530,53068290,66.184,25,1,2
110750583,53096530,1201228284,251.07999999999998,25,1,2
6367366,53096536,4271815496,20.797,25,1,2
6367366,53096536,3158909722,61.391000000000005,25,1,2
92161109,53096536,53096534,248.575,25,1,2
428029608,53096536,4271815494,25.290999999999997,25,1,3
26128561,286052441,1147842250,87.315,25,1,2
26128561,286052441,286052445,104.021,25,1,2
26128582,286052441,2475571143,76.88300000000001,25,1,2
6393787,53141594,53141598,118.00899999999999,25,1,2
6438231,53192786,130168689,65.641,25,1,2
6471883,53192786,2475685937,328.997,25,1,2
6442364,53192786,53167099,89.096,25,1,2
183217472,286052445,286052265,44.415,25,1,2
26128561,286052445,286052441,104.021,25,1,2
26128561,286052445,286052303,57.069,25,1,2
6393787,53141598,53141594,118.009,25,1,2
6453731,53141598,53206592,69.30499999999999,25,1,2
6510555,53141598,53068874,64.012,25,1,2
366238751,53096542,296268279,43.569,25,1,5
428341757,53096542,53238063,387.32800000000003,25,1,5
428029633,53096542,53245356,542.468,25,1,5
99968976,5860124769,2475676466,35.782000000000004,25,1,2
6449935,53203043,2468362814,64.935,25,1,2
6454932,53203043,53135635,95.186,25,1,2
6457706,53203043,53189295,160.286,25,1,2
6348042,53084270,130168311,232.14799999999997,25,1,2
6414453,53084270,53167077,80.3,25,1,2
6414453,53084270,53167090,84.10300000000001,25,1,2
239023851,4619196528,2468395597,67.088,25,1,2
6345908,53076087,53076089,78.611,25,1,2
6515749,53076087,53251306,68.566,25,1,2
6515749,53076087,53080408,106.759,25,1,2
6345908,53076089,53076087,78.611,25,1,2
6351091,53076089,53089184,55.45,25,1,2
6345908,53076089,53076095,79.305,25,1,2
6449243,53076095,53202541,43.784,25,1,2
6345908,53076095,53076098,50.488,25,1,2
6345908,53076095,53076089,79.305,25,1,2
6392135,53139584,53139585,56.156,25,1,2
6371442,53139584,53113772,172.808,25,1,2
6514173,53139584,293727578,72.525,25,1,2
6392135,53139585,53139584,56.156,25,1,2
6457824,53139585,53209885,153.924,25,1,2
6457824,53139585,53096530,55.399,25,1,2
6345908,53076098,53076099,72.956,25,1,2
6345908,53076098,53076095,50.488,25,1,2
6483454,53076098,53229524,132.89,25,1,2
6345908,53076099,53076098,72.956,25,1,2
239023797,53198984,2468395023,93.171,25,1,2
6445040,53198984,53197893,110.60600000000001,25,1,2
6505594,53198984,53238063,308.455,25,1,2
6505594,53198984,53245356,63.724,25,1,2
6345911,53076114,53076115,119.90199999999999,25,1,2
6345912,53076114,53197853,216.404,25,1,2
6505603,53076114,53197853,219.98799999999997,25,1,2
6345911,53076115,53076114,119.90200000000002,25,1,2
6494924,53076115,53199294,134.873,25,1,2
14270016,53076115,30139416,708.7719999999999,25,1,3
6348052,53084306,31191259,151.757,25,1,2
428025009,53084306,1141299604,78.06,25,1,5
622462914,53084306,3797475916,71.94400000000002,25,1,5
6326456,53076125,53076130,24.452,25,1,2
6326456,53076125,53111941,67.375,25,1,2
6345915,53076125,53076126,94.309,25,1,2
6345915,53076126,53076125,94.309,25,1,2
6326456,53076130,53076125,24.452,25,1,2
6326456,53076130,53111944,60.229,25,1,2
6503352,53076130,53244237,146.99699999999999,25,1,2
326806588,295411883,536805728,193.08500000000006,25,1,2
6318228,52977838,52977839,22.018,25,1,2
6318228,52977839,52977838,22.018,25,1,2
6455094,52977839,53207607,77.351,25,1,2
6455094,52977839,52977840,73.986,25,1,2
6318230,52977840,52977841,21.537,25,1,2
6455094,52977840,52977839,73.986,25,1,2
6455094,52977840,53133210,64.73,25,1,2
6318230,52977841,52977840,21.537,25,1,2
259096584,31191217,31191254,329.6,25,1,5
6429750,31191217,310092211,226.432,25,1,5
428018456,31191217,993051733,111.192,25,1,4
161389088,31191217,290310045,674.347,25,1,5
6420530,4840888502,53175015,39.456,25,1,2
6420530,4840888502,53175014,0.013,25,1,2
239024064,4840888502,53113764,42.227,25,1,2
239024064,4840888502,53175084,0.007,25,1,2
6420585,4840888503,53175085,117.185,25,1,2
6420585,4840888503,53175084,0.013,25,1,2
239024064,4840888503,53175014,0.007,25,1,2
239024064,4840888503,53197853,64.923,25,1,2
158241728,1704779964,1704779186,16.499000000000002,25,2,2
239789485,2475571149,2475571140,21.743,25,1,2
6457841,280873155,280870708,41.89,25,1,2
6457841,280873155,53209899,73.044,25,1,2
25753757,280873155,290310116,165.813,25,1,2
6506938,53246152,53167090,35.906,25,1,2
428020113,31191253,30139314,156.72500000000002,25,1,5
428020122,31191253,130167161,94.111,25,1,3
428023457,31191253,31191261,748.335,25,1,3
259096584,31191254,31191217,329.6,25,1,5
122720507,31191254,290310113,96.443,25,1,5
428020130,31191254,53187807,344.596,25,1,5
428341742,31191254,31191255,226.643,25,1,5
4842790,31191255,31191259,162.028,25,1,2
622462913,31191255,53187808,302.165,25,1,2
428341742,31191255,31191254,226.643,25,1,5
428341745,31191255,3797475916,78.363,25,1,5
4842790,31191259,31191255,162.028,25,1,2
6348052,31191259,53084306,151.757,25,1,2
238489827,31191259,31191261,211.01,25,1,2
238489828,31191259,130167216,337.778,25,1,2
6346469,53078235,2481405929,111.853,25,1,2
6427065,53078235,53152041,499.05499999999995,25,1,2
6427065,53078235,53185112,182.108,25,1,2
238489827,31191261,31191259,211.01,25,1,2
428023464,31191261,53233186,355.24999999999994,25,1,3
428023457,31191261,31191253,748.3349999999998,25,1,3
578715684,31191261,130167117,43.043,25,1,2
6414453,2597664989,53167088,20.629,25,1,2
158241728,1704780021,1704779964,15.111,25,2,2
158241743,1704780021,1704780278,46.366,25,2,2
310465480,3158913277,1263966691,23.593,25,1,2
455599699,4519860487,4519870394,75.596,25,1,2
259109507,4519860487,1202306604,164.62,35,1,2
4729897,130167047,2482626133,257.215,25,2,1
133397788,130167047,30760185,718.742,60,2,2
455599699,4519860488,4519870407,78.894,25,1,2
455599704,4519860488,4519870411,128.646,25,1,2
455599704,4519860488,4519870409,84.385,25,1,2
6454932,53135635,53189279,32.086,25,1,2
6389096,53135635,2468362820,84.167,25,1,2
6454932,53135635,53203043,95.186,25,1,2
6513903,53250324,53250325,54.873,25,1,2
6521496,53250324,308969552,56.391,25,1,2
6521496,53250324,53156396,58.987,25,1,2
6513903,53250325,53250324,54.873,25,1,2
6481358,53152022,53124917,72.402,25,1,2
6402906,53152022,53152025,114.67600000000002,25,1,2
6481358,53152022,53213764,112.774,25,1,2
6402906,53152025,53152022,114.676,25,1,2
6326456,53014824,53014826,58.57,25,1,2
6326456,53014824,53111941,69.257,25,1,2
6462325,53014824,53213628,26.154,25,1,2
6402924,53152041,53152047,254.421,25,1,2
6427065,53152041,53064831,58.751000000000005,25,1,2
6427065,53152041,53078235,499.05499999999995,25,1,2
6326456,53014826,53014824,58.57,25,1,2
259109507,53014826,489180385,118.373,35,1,2
259109507,53014826,53119329,205.97899999999998,35,1,2
6362167,53102891,53102892,24.451,25,1,2
6362167,53102892,53102891,24.451,25,1,2
6499869,53102892,53190598,84.60799999999999,25,1,2
6521496,53102892,53250478,241.07300000000004,25,1,2
6344698,280871211,53068272,116.392,25,1,2
6432019,53238063,313351751,44.632999999999996,25,1,2
6505594,53238063,53198984,308.455,25,1,2
428025022,53238063,3489047859,32.918,25,1,2
428025026,53238063,53096542,387.3280000000001,25,1,2
6402924,53152047,53152041,254.421,25,1,2
6352261,53090619,53075941,33.568,25,1,2
6352267,53090621,53090627,28.771,25,1,2
6393780,53090621,2468364169,142.273,25,1,2
6393780,53090621,53141586,69.087,25,1,2
6352267,53090627,53090621,28.771,25,1,2
13866851,30234950,30234952,194.083,25,2,2
291708007,30234952,30139406,498.571,25,2,3
6503352,53244237,53076130,146.99699999999999,25,1,2
6429947,130167117,53167276,382.971,25,1,2
6432019,130167117,313351751,715.563,25,1,2
578715684,130167117,31191261,43.043,25,1,2
6510555,53119315,53226524,547.8149999999999,25,1,2
55198738,53119315,4601416419,198.438,25,1,2
55198736,53119315,53119461,91.291,35,1,5
428239616,53119315,53119319,180.632,35,1,5
6347026,53080404,53080408,66.588,25,1,2
428239616,53119319,53119320,38.503,35,1,2
428239616,53119319,53119315,180.63199999999998,35,1,5
428239616,53119320,53119319,38.503,35,1,2
6480296,53119320,53227168,87.514,25,1,2
428239602,53119320,2408078401,76.367,35,1,3
6495510,53119321,53217939,77.517,25,1,2
428239601,53119321,2408078401,127.34799999999998,35,1,3
428239604,53119321,53119329,327.862,35,1,3
6347026,53080408,53080404,66.588,25,1,2
6515749,53080408,53239243,79.653,25,1,2
6515749,53080408,53076087,106.759,25,1,2
42881916,536805728,3098112893,41.903999999999996,25,2,2
326806588,536805728,53107628,43.752,25,1,2
326806588,536805728,295411883,193.085,25,1,2
557513439,53119329,53133210,200.08,25,1,2
181984956,53119329,53119332,142.09699999999998,25,1,2
259109507,53119329,53014826,205.97899999999998,35,1,2
428239604,53119329,53119321,327.86199999999997,35,1,3
6499869,53213538,53190598,36.872,25,1,2
6462239,53213538,53213540,95.33500000000001,25,1,2
6499869,53213538,53092886,121.492,25,1,2
6490618,53119332,53234372,41.784,25,1,2
181984956,53119332,53119334,91.114,25,1,2
181984956,53119332,53119329,142.097,25,1,2
98652382,1141299556,1141299604,168.191,25,1,2
6410526,53119334,3418203288,224.38,25,1,2
6512025,53119334,53207607,133.148,25,1,2
181984956,53119334,53119332,91.114,25,1,2
6462239,53213540,53213538,95.33500000000001,25,1,2
6484819,2597642601,53201950,183.03300000000002,25,1,2
6343521,53068141,53068144,183.528,25,1,2
6495510,53068141,53194654,84.983,25,1,2
6495510,53068141,53064873,82.86699999999999,25,1,2
6343521,53068144,53068149,60.724000000000004,25,1,2
6343521,53068144,53068141,183.528,25,1,2
6348226,53068144,53084941,120.99799999999999,25,1,2
6343521,53068149,53068151,144.601,25,1,2
6343521,53068149,53068144,60.724000000000004,25,1,2
6422833,53068149,305286630,96.00800000000001,25,1,2
41656203,30234997,511974232,619.4970000000002,25,2,2
13866843,30234997,30321274,536.4780000000001,60,2,3
6343521,53068151,53068149,144.601,25,1,2
557513439,53068151,53133210,145.311,25,1,2
557513439,53068151,53133202,98.147,25,1,2
6491506,130167161,53234797,228.979,25,1,2
428020112,130167161,130167177,214.961,25,1,3
428020122,130167161,31191253,94.111,25,1,3
309991703,1733685630,1720121124,349.469,60,2,4
159941962,1733685630,53119461,478.0690000000001,25,2,2
6364816,293726591,53106318,160.794,25,1,2
6343530,53068161,53068165,212.046,25,1,2
6427065,53068161,53217837,209.994,25,1,2
6427065,53068161,53064831,81.339,25,1,2
6343530,53068165,53068161,212.046,25,1,2
13866845,30321031,30321103,408.22300000000007,25,2,2
4752457,30321031,30321353,352.83299999999997,25,2,2
6401465,130167177,290310110,219.867,25,1,2
428020112,130167177,130167161,214.96100000000004,25,1,3
428020128,130167177,130167216,292.625,25,1,3
6332994,1107011988,53035723,31.899,25,1,2
259090352,1107011988,53016324,224.088,25,1,2
259090352,1107011988,53039071,42.724000000000004,25,1,2
98652382,1141299604,1141299556,168.191,25,1,2
428025009,1141299604,53084306,78.06,25,1,5
428025008,1141299604,3797475898,56.104000000000006,25,2,2
6487363,53068183,53232261,50.549,25,1,2
6343545,53068183,53068184,70.295,25,1,2
6343545,53068183,53213626,147.813,25,1,2
6490617,53068184,53234370,33.865,25,1,2
240394557,53068184,53068185,81.124,25,1,2
6343545,53068184,53068183,70.295,25,1,2
6352039,53068185,53090369,32.44,25,1,2
240394557,53068185,53068184,81.124,25,1,2
240394557,53068185,53068186,92.905,25,1,2
6345877,53068186,53064895,88.399,25,1,2
6345877,53068186,53075958,205.971,25,1,2
240394557,53068186,53068185,92.905,25,1,2
6445328,53199261,53075892,223.662,25,1,2
6445328,53199261,53075878,221.644,25,1,2
6470170,53199261,53075881,83.50999999999999,25,1,2
6367366,53109150,53071133,106.09,25,1,2
6341560,53109150,3639505617,244.44299999999998,25,1,2
6407609,53109150,53157395,132.70600000000002,25,1,2
6367366,53109153,53071133,144.648,25,1,2
6367366,53109153,53011014,134.215,25,1,2
6396083,53109153,2468397862,226.88299999999998,25,1,2
6522202,1107012004,53154704,156.725,25,1,2
85666423,993864101,286052268,71.642,25,1,2
6348232,1107012008,53084952,102.189,25,1,2
6343619,2470623660,53068288,16.286,25,1,2
6488148,2470623660,53068288,109.26000000000002,25,1,2
6408901,2470623660,53144089,481.644,25,1,2
85666429,993864109,286052324,19.761,25,1,2
6521496,53250478,53194138,84.361,25,1,2
6514204,53250478,53250480,96.723,25,1,2
6514204,53250478,136928122,135.901,25,1,2
6521496,53250478,53102892,241.07300000000006,25,1,2
238489828,130167216,31191259,337.778,25,1,2
428020128,130167216,130167177,292.625,25,1,3
428020120,130167216,290310113,82.984,25,1,4
6514204,53250480,53250478,96.723,25,1,2
6429750,310092210,53185116,58.99,25,1,2
6429750,310092210,53185112,1240.3759999999997,25,1,2
537097102,310092210,3629913586,131.089,25,1,2
13866915,310092211,31191217,226.43199999999996,25,1,5
6429750,310092211,53185116,121.489,25,1,2
28232681,310092211,1216087553,235.25900000000001,25,1,2
6358820,2522384820,2507404746,10.222,25,1,2
6358820,2522384820,3797475898,239.02100000000002,25,1,2
622192068,2522384820,5877663366,32.181,25,1,2
92161108,1069943216,53096530,115.402,25,1,2
85666429,993864113,286052324,11.551,25,1,2
6357010,2475622835,1203782530,401.227,25,1,2
6353039,2475622835,53091560,199.512,25,1,2
6343545,53213626,53068183,147.813,25,1,2
6462325,53213628,53014824,26.154,25,1,2
6445365,53199294,53184408,65.234,25,1,2
6494924,53199294,53175085,81.914,25,1,2
6494924,53199294,53076115,134.873,25,1,2
6445365,53199295,53199297,131.246,25,1,2
6445365,53199295,53193853,71.32,25,1,2
6505413,53199295,53184408,273.009,25,1,2
6445367,53199297,53199298,37.348,25,1,2
6445365,53199297,53199295,131.24599999999998,25,1,2
6488181,53199297,306727401,105.343,25,1,2
6445367,53199298,53199297,37.348,25,1,2
6401465,53150151,290310110,33.461,25,1,2
105537337,1215400398,53133197,66.18299999999999,25,1,2
13866831,30321103,30320197,139.852,25,2,2
6481410,53227986,53209914,397.84200000000004,25,1,2
428239552,53119454,53136258,90.27400000000002,25,1,5
542029898,53119454,1720122434,440.89700000000005,25,2,2
428239556,53119454,53119461,216.596,35,1,5
310465480,1263966691,3158913277,23.593,25,1,2
6432340,1263966691,53187412,59.536,25,1,2
6432340,1263966691,53187411,60.871,25,1,2
55198736,53119461,53119315,91.291,35,1,5
368670466,53119461,3733472443,205.869,25,2,2
428239556,53119461,53119454,216.596,35,1,5
6336542,53049830,53049832,18.619,25,1,2
6499875,53049830,281651687,76.99199999999999,25,1,2
6499875,53049830,53130767,119.19800000000001,25,1,2
6499875,281651687,53241876,55.94500000000001,25,1,2
6499875,281651687,53049830,76.99199999999999,25,1,2
25821844,281651687,281651692,212.599,25,1,2
6336542,53049832,53049830,18.619,25,1,2
6488181,306727401,53199297,105.343,25,1,2
6496402,306727401,53096528,57.557,25,1,2
6496402,306727401,53184410,257.734,25,1,2
239023853,1263966695,2468395614,74.429,25,1,2
6378028,1263966695,53121920,105.49699999999999,25,1,2
6378028,1263966695,1263966694,60.635000000000005,25,1,2
6378028,1263966694,1263966695,60.635000000000005,25,1,2
25821845,281651692,281651693,27.366,25,1,2
25821844,281651692,281651687,212.599,25,1,2
25821848,281651692,4519870414,78.837,25,1,2
25821845,281651693,281651692,27.366,25,1,2
6457852,306727404,53184412,145.502,25,1,2
6343611,53068272,53068273,52.453,25,1,2
6344698,53068272,53071176,41.759,25,1,2
6344698,53068272,280871211,116.392,25,1,2
6343611,53068273,53068272,52.453,25,1,2
440619005,296268275,454623777,355.147,25,2,1
38453811,454623733,296268294,60.97,25,2,1
366238750,454623733,296268293,62.937,25,1,2
428029603,454623733,4271815494,57.482,25,1,4
158241742,1704780278,1704779964,45.366,25,2,2
366238749,296268279,454623779,52.623,25,1,2
366238751,296268279,53096542,43.569,25,1,5
6457480,53209593,53111944,48.659,25,1,2
6439398,1201228284,53144089,64.081,25,1,2
6428776,1201228284,53053041,55.793000000000006,25,1,2
110750583,1201228284,53096530,251.07999999999998,25,1,2
6343619,53068288,2470623660,16.286,25,1,2
6488148,53068288,2470623660,109.26,25,1,2
6343619,53068288,53068290,105.702,25,1,2
6343619,53068290,53068288,105.702,25,1,2
92161109,53068290,305288621,187.29,25,1,2
92161109,53068290,53096530,66.184,25,1,2
6406702,53064194,53106318,97.208,25,1,2
6406702,53064194,53156401,67.697,25,1,2
6341560,53064194,53064196,52.666,25,1,2
6457501,53209604,53207757,36.507000000000005,25,1,2
27029303,296268293,296268294,36.019,25,2,2
366238750,296268293,454623733,62.937,25,1,2
366238752,296268293,454623779,77.345,25,1,2
428029642,296268294,296268295,342.83299999999997,25,2,2
38453838,296268295,130167047,644.3940000000001,60,2,2
213327073,53209605,53207757,47.379,25,1,2
428239619,53209605,1370499690,129.794,35,1,3
6505222,53209605,3629897324,673.615,35,1,2
6341560,53064196,53064198,79.388,25,1,2
6449798,53064196,53202955,60.147,25,1,2
6341560,53064196,53064194,52.666,25,1,2
6341560,53064198,53064199,87.752,25,1,2
6341560,53064198,53064196,79.388,25,1,2
6408913,53064198,53159194,55.744,25,1,2
6341560,53064199,280869755,42.121,25,1,2
6341560,53064199,53064198,87.752,25,1,2
6441391,53064199,305288113,166.71200000000002,25,1,2
6428776,53092882,53184412,27.523,25,1,2
6354186,53092882,53092884,92.267,25,1,2
6428776,53092882,53184411,84.733,25,1,2
6354186,53092884,53092882,92.267,25,1,2
6354191,53092886,136929070,107.65700000000001,25,1,2
6499869,53092886,53241860,117.54599999999999,25,1,2
6499869,53092886,53213538,121.49199999999999,25,1,2
6439398,53144089,1201228284,64.081,25,1,2
6498317,53144089,2470623660,481.644,25,1,2
6439398,53144089,53071104,124.61299999999999,25,1,2
6443000,53197338,53096534,59.98,25,1,2
27029301,454623777,296268279,92.80399999999999,25,2,1
38453839,454623777,454623779,58.699000000000005,25,2,1
366238749,454623779,296268279,52.623,25,1,2
366238752,454623779,296268293,77.345,25,1,2
6482555,53228775,53121925,77.917,25,1,2
6482555,53228775,53228774,75.951,25,1,2
6502098,53228775,53243405,35.244,25,1,2
6406702,53156396,53156397,149.81799999999998,25,1,2
6406702,53156396,31190973,46.535,25,1,2
6433583,53156396,53107404,43.519999999999996,25,1,2
6521496,53156396,53250324,58.987,25,1,2
6406702,53156397,2468397851,7.695,25,1,2
6406702,53156397,53156396,149.81799999999998,25,1,2
6442367,53156397,53194139,161.384,25,1,2
6427065,53217837,53220846,99.489,25,1,2
6414496,53217837,53220846,489.93499999999995,25,1,2
6427065,53217837,53068161,209.99400000000003,25,1,2
6406702,53156401,53064194,67.697,25,1,2
6406702,53156401,2468397851,71.176,25,1,2
6495083,53156401,290310116,60.874,25,1,2
6481358,53209653,53213764,296.425,25,1,2
6455094,53207607,52977839,77.351,25,1,2
6345877,53207607,53064895,171.032,25,1,2
6512025,53207607,53119334,133.148,25,1,2
6358820,3797475898,2522384820,239.02100000000002,25,1,2
428025000,3797475898,53233186,299.976,25,1,5
428025015,3797475898,1141299604,57.408,25,2,2
6396104,53144124,53091560,468.081,25,1,2
6449935,2468362814,53203043,64.935,25,1,2
6389096,2468362814,2468362820,54.516000000000005,25,1,2
562921024,2468362814,5425825461,209.50900000000001,25,1,2
6443707,53064255,53197893,425.75699999999995,25,1,2
6445040,53064255,53197893,213.39200000000002,25,1,2
6445040,53064255,286052268,279.26700000000005,25,1,2
6389096,2468362820,2468362814,54.516000000000005,25,1,2
6389096,2468362820,53135635,84.167,25,1,2
324391275,2468362820,3311328002,36.476,25,1,2
6462521,53213764,130168314,166.645,25,1,2
6481358,53213764,53209653,296.42499999999995,25,1,2
6481358,53213764,53152022,112.774,25,1,2
6367366,53011014,3158909722,60.023,25,1,2
239024153,53011014,2468397864,221.07299999999998,25,1,2
6367366,53011014,53109153,134.215,25,1,2
6428776,53184412,53092882,27.523,25,1,2
6428776,53184412,53053041,100.24100000000001,25,1,2
6457852,53184412,306727404,145.502,25,1,2
428341745,3797475916,31191255,78.363,25,1,5
622462912,3797475916,1155684170,332.90599999999995,25,1,2
622462914,3797475916,53084306,71.944,25,1,5
239023853,2468395597,2468395614,87.819,25,1,2
239023851,2468395597,2468395603,66.99399999999999,25,1,2
239023851,2468395597,4619196528,67.088,25,1,2
239023851,2468395603,2468395616,19.332,25,1,2
239023851,2468395603,2468395597,66.994,25,1,2
253894070,2468395603,2468395604,77.352,25,1,2
6384888,2468395604,2468395614,59.894999999999996,25,1,2
253894070,2468395604,2468395603,77.35199999999999,25,1,2
253894070,2468395604,2597652501,34.668,25,1,2
6427065,53185112,53078235,182.108,25,1,2
6429750,53185112,310092210,1240.376,25,1,2
6429750,53185116,310092210,58.99,25,1,2
6429750,53185116,310092211,121.489,25,1,2
6522407,53185116,3588045577,325.87299999999993,25,1,2
6384888,2468395614,53130058,104.653,25,1,2
239023853,2468395614,2468395597,87.819,25,1,2
239023853,2468395614,1263966695,74.429,25,1,2
6384888,2468395614,2468395604,59.894999999999996,25,1,2
239023851,2468395616,2468395603,19.332,25,1,2
6440636,53195361,53195362,55.951,25,1,2
6474231,53195361,53222635,70.355,25,1,2
6474231,53195361,53111969,78.59,25,1,2
6440636,53195362,53195361,55.951,25,1,2
4752466,30321253,30321668,399.706,25,2,2
38453869,30321253,30321258,402.318,25,2,2
13866846,30321258,30319806,101.537,25,2,2
314939531,1370499690,53107629,25.363,35,1,3
428239619,1370499690,53209605,129.794,35,1,3
6505437,994058864,53187897,29.836,25,1,2
85681754,994058864,994058866,30.684,25,1,2
6412268,994058864,53164020,174.077,25,1,2
85681754,994058866,994058864,30.684,25,1,2
104314913,1215404661,1203698859,20.59,25,1,2
104314913,1215404661,1215404735,47.058,25,1,2
239946305,1215404661,1215404683,142.459,25,1,2
13866833,30321274,30321353,404.85900000000004,25,2,2
13866843,30321274,30320197,495.51300000000003,60,2,3
6487363,53232261,53068183,50.549,25,1,2
6427065,4587733641,53182487,239.80900000000003,25,1,2
6427065,4587733641,53137083,148.106,25,1,2
463508557,4587733641,4587733657,433.531,25,1,2
239946305,1215404683,1215404735,58.929,25,1,2
239946305,1215404683,1215404661,142.459,25,1,2
239946307,1215404683,1215404693,258.909,25,1,2
6502696,2468362896,53189285,70.389,25,1,2
6468191,53217938,53217939,44.929,25,1,2
6468191,53217939,53217940,68.947,25,1,2
6468191,53217939,53217938,44.929,25,1,2
6495510,53217939,53064873,201.182,25,1,2
6495510,53217939,53119321,77.517,25,1,2
6468191,53217940,53217939,68.947,25,1,2
104314913,1215404693,1215404713,13.294,25,1,2
104314913,1215404693,1215404726,104.536,25,1,2
239946307,1215404693,1215404683,258.90900000000005,25,1,2
359195559,280869524,3639502448,10.372,25,1,2
359195559,280869524,3639502447,12.605,25,1,2
25753517,280869524,280869755,44.78,25,1,2
239796457,4587733657,53182487,195.324,25,1,2
463508557,4587733657,4587733641,433.531,25,1,2
6434415,53189279,53110030,62.812,25,1,2
6454932,53189279,53135635,32.086,25,1,2
6454932,53189279,53201950,50.405,25,1,2
6480307,53189281,53182533,54.894,25,1,2
6434415,53189281,53189285,144.93300000000002,25,1,2
6434415,53189281,53110030,60.437,25,1,2
6434415,53189285,53182524,149.58599999999998,25,1,2
6434415,53189285,53189281,144.933,25,1,2
6502696,53189285,2468362896,70.389,25,1,2
105538923,1215404710,1215404711,49.43,25,1,2
105538923,1215404710,1203698878,57.93,25,1,2
239946305,1215404710,1215404735,98.03900000000002,25,1,2
105538923,1215404711,1215404710,49.43,25,1,2
104314913,1215404713,1215404693,13.294,25,1,2
104314913,1215404713,1203698878,81.014,25,1,2
105538925,1215404713,1215404724,76.973,25,1,2
6434415,53189291,53189295,123.76000000000002,25,1,2
6434415,53189291,4598497261,195.07099999999997,25,1,2
6480307,53189291,53182533,161.144,25,1,2
6434415,53189295,53189291,123.76,25,1,2
6457706,53189295,53059001,170.296,25,1,2
6457706,53189295,53203043,160.286,25,1,2
325831342,53189295,3324450477,121.766,25,1,2
239946306,1215404724,1215404726,34.93,25,1,2
239946306,1215404724,2477174498,14.317,25,1,2
105538925,1215404724,1215404713,76.973,25,1,2
239946306,1215404726,1215404727,8.828,25,1,2
239946306,1215404726,1215404724,34.93,25,1,2
104314913,1215404726,1215404693,104.536,25,1,2
239946306,1215404727,1215404726,8.828,25,1,2
6343930,3581192893,3581192896,83.746,25,1,2
6343930,3581192893,53068868,76.22200000000001,25,1,2
352350932,3581192893,3581192895,16.307,25,1,2
352350932,3581192895,3581192893,16.307,25,1,2
6343930,3581192896,53068874,86.15,25,1,2
6343930,3581192896,3581192893,83.746,25,1,2
352350930,3581192896,3581192898,29.829,25,1,2
104314913,1215404735,1203698878,59.044,25,1,2
104314913,1215404735,1215404661,47.05800000000001,25,1,2
239946305,1215404735,1215404710,98.03900000000002,25,1,2
239946305,1215404735,1215404683,58.929,25,1,2
352350930,3581192898,3581192896,29.829,25,1,2
6490617,53234370,53068184,33.865,25,1,2
6490618,53234372,53119332,41.784,25,1,2
161391639,1733685954,53167099,194.355,25,1,2
561106817,30321353,30321253,43.588,25,2,2
6365790,53107402,53107404,44.596,25,1,2
6393434,53107402,53141144,102.646,25,1,2
6393434,53107402,1069917413,19.248,25,1,2
6332994,53035723,1107011988,31.899,25,1,2
6365790,53107404,53107402,44.596,25,1,2
6433583,53107404,53156396,43.519999999999996,25,1,2
6449792,53107404,53141144,194.997,25,1,2
213327073,53207757,53209605,47.379,25,1,2
6455245,53207757,53207758,145.72000000000003,25,1,2
6387378,53207757,295411624,577.976,25,1,2
6457501,53207757,53209604,36.507,25,1,2
6455245,53207758,53207757,145.72000000000003,25,1,2
6505437,53207758,53227453,55.549,25,1,2
166739666,53207758,53107629,42.652,25,1,2
6498193,53240525,53187810,60.455,25,1,2
6498193,53240525,53225336,32.862,25,1,2
6508883,53240525,130168605,54.418,25,1,2
310465618,3158913737,307530918,14.829,25,1,2
359195537,3639505617,3639505616,48.563,25,1,2
6341560,3639505617,53109150,244.443,25,1,2
6341560,3639505617,280869755,47.773,25,1,2
359195537,3639505616,3639505617,48.563,25,1,2
6476156,53224157,53224159,100.92600000000002,25,1,2
6480306,53224157,53227179,97.31,25,1,2
6480306,53224157,53206592,46.150999999999996,25,1,2
6476156,53224159,53224157,100.926,25,1,2
55198738,4601416419,1203698859,85.48400000000001,25,1,2
55198738,4601416419,53119315,198.438,25,1,2
465144254,4601416419,5271352279,191.36,25,1,2
6420530,53175014,4840888502,0.013,25,1,2
239024064,53175014,53175084,0.011,25,1,2
239024064,53175014,4840888503,0.007,25,1,2
6420530,53175015,4840888502,39.456,25,1,2
6490688,53234417,53234434,71.329,25,1,2
6490665,53234417,53092254,191.36999999999998,25,1,2
6512833,53234417,53183489,112.297,25,1,2
324391275,3311328002,3311328002,114.445,25,1,2
324391275,3311328002,3311328002,114.445,25,1,2
324391275,3311328002,2468362820,36.476,25,1,2
6490688,53234434,53234417,71.329,25,1,2
6522407,3588045577,53185116,325.873,25,1,2
6439876,53084941,53194657,42.38,25,1,2
6348226,53084941,53068144,120.99799999999999,25,1,2
6378906,53084941,53123110,38.516999999999996,25,1,2
6429952,53185297,53185298,23.188,25,1,2
6429952,53185298,53185297,23.188,25,1,2
6429952,53185298,53124917,200.24699999999999,25,1,2
6471887,53185298,53220833,51.486999999999995,25,1,2
6348232,53084952,1107012008,102.189,25,1,2
6378930,53084952,53123138,73.35,25,1,2
6455094,53084952,53036602,96.25,25,1,2
310465115,3158909721,3158909722,133.373,25,1,2
6367366,3158909722,53011014,60.023,25,1,2
310465115,3158909722,3158909721,133.373,25,1,2
6367366,3158909722,53096536,61.391000000000005,25,1,2
6406702,2468397851,53156401,71.176,25,1,2
6406702,2468397851,53156397,7.695,25,1,2
239024154,2468397851,53196854,69.525,25,1,2
6457824,53209885,53130058,80.195,25,1,2
6510177,53209885,53194128,47.471,25,1,2
6457824,53209885,53139585,153.924,25,1,2
6378906,53084962,53123112,109.428,25,1,2
6435126,53084962,53189890,47.529,25,1,2
573757289,53084962,5509627847,181.46399999999997,25,1,2
6378906,53084962,53123110,180.352,25,1,2
309990669,2468350757,30321668,1032.9560000000001,60,2,3
6396083,2468397862,53109153,226.883,25,1,2
239024153,2468397864,53011014,221.07299999999998,25,1,2
6457841,53209899,280873155,73.044,25,1,2
6457841,53209899,53194139,66.448,25,1,2
6495083,53209899,290310116,99.346,25,1,2
6420585,53175084,4840888503,0.013,25,1,2
239024064,53175084,4840888502,0.007,25,1,2
239024064,53175084,53175014,0.011,25,1,2
6420585,53175085,4840888503,117.185,25,1,2
6494924,53175085,53184410,104.83000000000001,25,1,2
6494924,53175085,53199294,81.914,25,1,2
366238188,1468429104,2482626137,11.906,25,1,6
366238189,1468429104,31190974,28.117,25,1,6
6432650,2475676466,53187810,87.466,25,1,2
6432650,2475676466,53187808,316.041,25,1,4
99968976,2475676466,5860124769,35.782000000000004,25,1,2
6455401,53207862,53207863,242.994,25,1,2
6512027,53207862,53249150,14.983,25,1,2
6512027,53207862,53249147,23.14,25,1,2
6455401,53207863,53207862,242.994,25,1,2
6505410,53207863,53245278,26.132,25,1,2
6505410,53207863,53130766,130.292,25,1,2
6481410,53209914,53227986,397.84200000000004,25,1,2
314938014,53209914,2468390600,30.851,25,1,2
617271589,53209914,30139312,146.735,25,1,2
6448463,53201726,2481409753,104.739,25,1,2
428029603,4271815494,454623733,57.482,25,1,4
428029608,4271815494,53096536,25.290999999999997,25,1,3
428029643,4271815494,4271815496,33.247,25,2,2
6367366,4271815496,1263978210,246.919,25,1,2
6367366,4271815496,53096536,20.797,25,1,2
25476303,3210079048,53092253,62.129,25,1,2
25476303,3210079048,53092254,40.987,25,1,2
314939990,3210079048,3210079056,172.71,25,1,2
6384888,53130058,53130059,37.224,25,1,2
6384888,53130058,2468395614,104.653,25,1,2
6457824,53130058,53209885,80.195,25,1,2
6457824,53130058,53121920,67.101,25,1,2
6384888,53130059,53130058,37.224,25,1,2
314939990,3210079056,3210079048,172.71,25,1,2
6499854,53187411,53096529,76.932,25,1,2
6432340,53187411,1263966691,60.871,25,1,2
6510197,53187411,53165342,170.73,25,1,2
6432340,53187412,1263966691,59.536,25,1,2
6496402,53187412,307530918,60.024,25,1,2
6496402,53187412,53096528,54.17,25,1,2
622551002,511974232,1923361267,205.837,25,2,2
6412585,53136219,53133202,105.321,25,1,2
428029644,30139233,1370492180,239.28,25,2,2
622462894,30139233,31190995,594.764,60,2,2
6514204,136928122,53250478,135.901,25,1,2
6341560,280869755,53064199,42.121,25,1,2
6341560,280869755,3639505617,47.773,25,1,2
25753517,280869755,280869524,44.78,25,1,2
238144291,3098112893,53107628,32.596,35,1,2
259109595,53136256,53136258,56.809,25,1,5
428239634,53136256,4273723230,54.09499999999999,25,2,2
6378028,53121920,53121925,168.524,25,1,2
6378028,53121920,1263966695,105.497,25,1,2
6457824,53121920,53130058,67.101,25,1,2
6522008,53136258,53255643,290.079,25,1,2
428239552,53136258,53119454,90.274,25,1,5
259109595,53136258,53136256,56.809,25,1,5
6357010,1203782530,2475622835,401.227,25,1,2
239790468,1203782530,2475597344,211.509,25,1,2
239790468,1203782530,2475597337,159.191,25,1,2
6482555,53121925,53228775,77.917,25,1,2
6378028,53121925,53121920,168.524,25,1,2
6495510,53154703,53234919,55.843,25,1,2
55198738,53154703,53201947,39.707,25,1,2
55198738,53154703,4213346117,85.833,25,1,2
6405171,53154704,53154705,104.455,25,1,2
6405171,53154704,4213346117,42.155,25,1,2
6522202,53154704,1107012004,156.725,25,1,2
6405171,53154705,53154704,104.455,25,1,2
6434415,53119893,53182524,44.373,25,1,2
6376157,53119893,53119897,117.27,25,1,2
6434415,53119893,4598497261,143.51,25,1,2
6376157,53119897,53119893,117.26999999999998,25,1,2
6351091,53089184,53076089,55.45,25,1,2
6371430,53113764,53113765,43.77,25,1,2
239024064,53113764,53197854,71.612,25,1,2
239024064,53113764,4840888502,42.227,25,1,2
6371430,53113765,53113764,43.77,25,1,2
428023450,30139306,31190976,86.038,25,1,6
428023448,30139306,30139312,163.361,25,1,7
238144291,53107628,53107629,90.15599999999999,35,1,3
238144291,53107628,3098112893,32.596,35,1,2
326806588,53107628,536805728,43.751999999999995,25,1,2
6485872,53107629,53059399,68.125,30,1,2
166739666,53107629,53207758,42.652,25,1,2
314939531,53107629,1370499690,25.363,35,1,3
238144291,53107629,53107628,90.156,35,1,3
6371442,53113772,53139584,172.808,25,1,2
428023448,30139312,30139306,163.361,25,1,7
428023451,30139312,4271775338,68.454,25,2,2
617271584,30139312,5835212774,165.167,25,1,4
617271589,30139312,53209914,146.73499999999999,25,1,2
6441391,305288113,53064199,166.71200000000002,25,1,2
161389088,30139314,290310045,600.989,25,1,5
13866885,30139314,3334915324,321.6989999999999,30,1,5
428020113,30139314,31191253,156.725,25,1,5
366238186,30139314,4271775338,59.035,25,1,5
6522227,5271352279,53119319,83.435,25,2,2
465144254,5271352279,4601416419,191.36,25,1,2
6414445,53167077,53167078,39.837,25,1,2
6414453,53167077,53084270,80.3,25,1,2
6477856,53167077,53225340,151.42000000000002,25,1,2
6414445,53167078,53167077,39.837,25,1,2
6414445,53167078,53167081,30.514000000000003,25,1,2
6456892,53167078,53209138,58.076,25,1,2
6414445,53167081,53167085,50.754,25,1,2
6414445,53167081,53167078,30.514000000000003,25,1,2
6513390,53167081,130168604,193.867,25,1,2
6414445,53167085,53167081,50.754000000000005,25,1,2
6498193,53167085,53225336,85.502,25,1,2
161391639,53167085,53167099,261.571,25,1,2
6414453,53167088,2597664989,20.629,25,1,2
6414453,53167088,53167090,77.834,25,1,2
6481358,53167088,53124917,157.20499999999998,25,1,2
6481358,53167088,53062952,201.16100000000003,25,1,2
6506938,53167090,53246152,35.906,25,1,2
6414453,53167090,53084270,84.103,25,1,2
6414453,53167090,53167088,77.834,25,1,2
6390107,2475672563,53137083,308.88,25,1,2
6435764,53190603,53190598,158.31799999999998,25,1,2
6442364,53167099,53192786,89.096,25,1,2
6442364,53167099,53196835,103.929,25,1,2
161391639,53167099,1733685954,194.35499999999996,25,1,2
161391639,53167099,53167085,261.57099999999997,25,1,2
6512833,53066748,2475671467,15.998,25,1,2
6342693,53066748,53066755,89.082,25,1,2
622462893,30139392,30139395,362.471,60,2,2
6328884,30139392,30321103,1177.7330000000002,25,2,2
6427599,53183489,53183491,122.56200000000001,25,1,2
6512833,53183489,53225323,63.653999999999996,25,1,2
6512833,53183489,53234417,112.297,25,1,2
55151552,30139395,30234952,654.094,25,2,2
309990668,30321668,30234950,234.498,60,2,3
6414587,296268805,53167276,254.26599999999996,25,1,2
6427599,53183491,53183489,122.562,25,1,2
6432839,53183491,53187982,88.57999999999998,25,1,2
6432839,53183491,53187979,65.326,25,1,2
6342693,53066755,53066748,89.082,25,1,2
55151544,30139406,306726782,565.822,25,2,2
291708008,30139406,3900899026,283.49300000000005,25,2,2
259095696,30139415,53194724,1155.3980000000001,25,1,2
428033732,30139415,3900899026,274.221,25,1,5
55155498,30139415,30139416,355.049,25,1,5
14270016,30139416,53076115,708.772,25,1,3
55155498,30139416,30139415,355.049,25,1,5
428245560,30139416,1188664422,623.072,35,1,5
55198738,53201947,53154703,39.707,25,1,2
6522422,53201947,53141586,157.97899999999998,25,1,2
55198738,53201947,53141577,131.36599999999999,25,1,2
6479324,53226524,53068868,423.78499999999997,25,1,2
6510555,53226524,53068874,97.422,25,1,2
6510555,53226524,53119315,547.815,25,1,2
239024064,53197853,4840888503,64.923,25,1,2
6345912,53197853,53076114,216.404,25,1,2
6505603,53197853,53076114,219.988,25,1,2
239024065,53197853,53245287,69.26,25,1,2
6454932,53201950,53189279,50.405,25,1,2
6484819,53201950,2597642601,183.03299999999996,25,1,2
55198738,53201950,53137099,74.845,25,1,2
6499869,53197854,53071197,80.18,25,1,2
239024064,53197854,53113764,71.612,25,1,2
6499869,53197854,53241860,85.832,25,1,2
6361131,53101606,53075944,64.45400000000001,25,1,2
239023546,2468391976,2468391981,81.835,25,1,2
239023548,2468391978,2468391980,56.554,25,1,2
26958651,2468391980,2468391981,71.915,25,1,2
26958651,2468391980,295411618,33.724,25,1,2
239023548,2468391980,2468391978,56.554,25,1,2
26958651,2468391981,2468391980,71.915,25,1,2
26958651,2468391981,295411624,133.716,25,1,2
239023546,2468391981,2468391976,81.835,25,1,2
232456036,2408078401,2294863437,77.012,25,1,2
428239601,2408078401,53119321,127.34799999999998,35,1,3
428239602,2408078401,53119320,76.367,35,1,3
6509549,53068868,53227176,160.951,25,1,2
6343930,53068868,3581192893,76.22200000000001,25,1,2
6479324,53068868,53226524,423.7850000000001,25,1,2
6443707,53197893,53064255,425.757,25,1,2
6445040,53197893,53064255,213.392,25,1,2
6445040,53197893,53198984,110.606,25,1,2
6343930,53068874,3581192896,86.15,25,1,2
6510555,53068874,53141598,64.012,25,1,2
6510555,53068874,53226524,97.422,25,1,2
6341808,4612985932,53064831,406.98900000000003,25,1,2
239023656,993051733,2468392976,170.117,25,1,2
396452861,993051733,53092252,40.865,25,1,2
428018456,993051733,31191217,111.19200000000001,25,1,4
428245560,1188664422,30139416,623.0719999999999,35,1,5
428245561,1188664422,53194724,123.89999999999999,35,2,2
6491506,53234797,130167161,228.97899999999998,25,1,2
6491506,53234797,290310045,201.048,25,1,2
26129049,53234797,290310110,176.08300000000003,25,1,2
6512027,53249147,53207862,23.14,25,1,2
6439088,53193852,53193853,50.904,25,1,2
6439088,53193853,53193852,50.904,25,1,2
6445365,53193853,53184408,97.578,25,1,2
6445365,53193853,53199295,71.32,25,1,2
6512027,53249150,53207862,14.983,25,1,2
6341808,53064831,4612985932,406.98900000000003,25,1,2
6427065,53064831,53068161,81.339,25,1,2
6427065,53064831,53152041,58.751000000000005,25,1,2
6326456,53111941,53014824,69.257,25,1,2
6326456,53111941,53076125,67.375,25,1,2
6512018,53111941,53130766,335.568,25,1,2
6326456,53111944,53076130,60.229,25,1,2
6457480,53111944,53209593,48.659,25,1,2
6326456,53111944,53111945,158.276,25,1,2
6385605,53111945,53130766,59.196,25,1,2
6326456,53111945,53111944,158.276,25,1,2
6385605,53111945,53130767,66.682,25,1,2
6389617,53136533,53123110,36.753,25,1,2
6410526,3418203288,53119334,224.37999999999997,25,1,2
6341086,2597649564,53062888,167.5,25,1,2
6406702,2597649564,53106318,10.564,25,1,2
6406702,2597649564,53071176,181.165,25,1,2
239024154,2597649566,53196854,177.765,25,1,2
6369750,53111968,53111969,30.746,25,1,2
6369750,53111969,53111970,58.954,25,1,2
6369750,53111969,53111968,30.746,25,1,2
6474231,53111969,53195361,78.59,25,1,2
6510498,53111969,53227179,249.54200000000003,25,1,2
6369750,53111970,53111969,58.954,25,1,2
6466148,53216419,53053041,20.641,25,1,2
6466148,53216420,53053041,98.833,25,1,2
310465618,307530918,3158913737,14.829,25,1,2
6496402,307530918,53229524,75.65299999999999,25,1,2
6496402,307530918,53187412,60.024,25,1,2
6341820,53064873,53123138,207.74299999999997,25,1,2
6495510,53064873,53068141,82.86699999999999,25,1,2
6495510,53064873,53217939,201.18200000000002,25,1,2
104314913,1203698859,1215404661,20.59,25,1,2
55198738,1203698859,53141577,181.29500000000002,25,1,2
55198738,1203698859,4601416419,85.48400000000001,25,1,2
6414587,53167276,296268805,254.26600000000002,25,1,2
6429947,53167276,130167117,382.971,25,1,2
617271585,53167276,5835212774,207.91000000000003,25,1,3
13866850,30319793,511974232,530.672,25,2,2
55197989,30319793,30321258,539.8899999999999,25,2,2
368670471,3733472443,3725213156,351.64,25,2,2
369575370,3733472443,2468350757,490.05400000000003,25,2,2
104314913,1203698878,1215404735,59.044,25,1,2
105538923,1203698878,1215404710,57.93,25,1,2
104314913,1203698878,1215404713,81.014,25,1,2
6341832,53064895,53064898,94.955,25,1,2
6345877,53064895,53207607,171.032,25,1,2
6345877,53064895,53068186,88.399,25,1,2
622462890,30319806,30139233,704.795,60,2,2
6341832,53064898,53064895,94.955,25,1,2
6378321,53122257,53062952,103.57000000000001,25,1,2
6481358,53187807,53062952,46.999,25,1,2
428020138,53187807,53187808,63.719,25,1,2
428020130,53187807,31191254,344.596,25,1,5
428020138,53187808,53187807,63.719,25,1,2
6432650,53187808,2475676466,316.041,25,1,4
622462913,53187808,31191255,302.165,25,1,2
40420040,489180385,489180387,71.584,25,1,2
259109507,489180385,53014826,118.373,35,1,2
259109507,489180385,1202306604,91.98599999999999,35,1,2
6432650,53187810,2475676466,87.466,25,1,2
6498193,53187810,53240525,60.455,25,1,2
6432650,53187810,53187820,627.3509999999999,25,1,2
40420040,489180387,489180385,71.584,25,1,2
6353039,53091553,53091555,281.153,25,1,2
6432632,53091553,53157607,160.513,25,1,2
6393434,1069917413,53107402,19.248,25,1,2
6353039,53091555,53091558,155.852,25,1,2
6505586,53091555,53245354,234.702,25,1,2
6353039,53091555,53091553,281.153,25,1,2
6495510,53234919,53154703,55.843,25,1,2
6491643,53234919,53234921,137.34300000000002,25,1,2
6495510,53234919,53194654,121.169,25,1,2
6341086,53062888,2597649564,167.5,25,1,2
6491643,53234921,53234919,137.34300000000002,25,1,2
105182507,1212085482,53059001,324.958,25,1,2
6474231,53222635,53222636,44.255,25,1,2
6474231,53222635,53195361,70.355,25,1,2
6493989,53222635,53227168,107.96799999999999,25,1,2
6474231,53222636,53222635,44.255,25,1,2
6432650,53187820,53187810,627.351,25,1,2
6432632,53187820,2629277601,192.03900000000002,25,1,4
428029617,53187820,1147842250,401.638,25,1,5
6353039,53091558,53091560,45.049,25,1,2
6353039,53091558,53091555,155.852,25,1,2
6482555,53228774,53228775,75.951,25,1,2
6510177,53228774,53194128,119.226,25,1,2
6439378,53228774,53194128,260.33799999999997,25,1,2
6353039,53091560,53091558,45.049,25,1,2
6353039,53091560,2475622835,199.512,25,1,2
6396104,53091560,53144124,468.08099999999996,25,1,2
6515749,53251311,53239243,39.434,25,1,2
6515749,53251306,53076087,68.566,25,1,2
622462889,30760185,30139392,405.265,60,2,2
372874224,3334915324,53059399,4.344,30,1,2
313913538,3334915324,2468390993,100.732,25,1,2
13866885,3334915324,30139314,321.699,30,1,5
446595970,53071104,53071176,19.041,25,1,2
6344692,53071104,53071133,492.398,25,1,2
6439398,53071104,53144089,124.61299999999999,25,1,2
6435126,53189890,53084962,47.529,25,1,2
6368166,53110028,53110030,44.681,25,1,2
6368166,53110030,53110028,44.681,25,1,2
6434415,53110030,53189279,62.812,25,1,2
6434415,53110030,53189281,60.437,25,1,2
4729866,1370492180,30139306,103.95799999999998,25,2,1
4842754,1370492180,31190976,87.848,25,2,2
39337924,1069964564,53091899,213.39199999999997,25,1,2
428342489,1069964564,53194724,138.132,35,1,5
428342489,1069964564,53075874,535.853,35,1,5
6408913,53159194,53064198,55.744,25,1,2
6413167,53165340,53165342,51.154,25,1,2
6367366,53071133,53109153,144.648,25,1,2
6344692,53071133,53071104,492.398,25,1,2
6367366,53071133,53109150,106.09,25,1,2
6413167,53165342,53165340,51.154,25,1,2
6510197,53165342,53239240,47.756,25,1,2
6510197,53165342,53187411,170.73,25,1,2
6413170,53165344,53130767,57.871,25,1,2
6481358,53062952,53187807,46.999,25,1,2
6378321,53062952,53122257,103.57,25,1,2
6481358,53062952,53167088,201.161,25,1,2
238755397,280302895,1720122434,921.4940000000001,60,2,4
428239632,280302895,53119454,500.101,25,2,3
428025022,3489047859,53238063,32.918,25,1,2
428025024,3489047859,53233186,405.3180000000001,25,1,3
6505437,53187897,53245289,17.152,25,1,2
6505437,53187897,994058864,29.836,25,1,2
6432728,53187897,53164020,92.834,25,1,2
6344698,53071176,53068272,41.759,25,1,2
446595970,53071176,53071104,19.041,25,1,2
6406702,53071176,2597649564,181.165,25,1,2
6514173,293727578,53139584,72.525,25,1,2
6344701,53071195,53071197,80.526,25,1,2
6344701,53071197,53071195,80.526,25,1,2
6499869,53071197,53184411,45.824,25,1,2
6499869,53071197,53197854,80.18,25,1,2
6505410,53245278,53207863,26.132,25,1,2
158241728,1704779105,1704780021,20.617,25,2,2
239024065,53245287,53197853,69.26,25,1,2
6505437,53245289,53227453,11.205,25,1,2
6505437,53245289,53187897,17.152,25,1,2
6505453,53245289,53245294,24.325,25,1,2
6505453,53245294,53245289,24.325,25,1,2
6419382,53173643,53173644,81.134,25,1,2
6480306,53173643,53227176,71.311,25,1,2
6480306,53173643,53206592,103.567,25,1,2
6419382,53173644,53173643,81.134,25,1,2
6432839,53187979,53183491,65.326,25,1,2
25821709,281650574,305288621,59.426,25,1,2
55565091,698418574,53039071,51.25,25,1,2
6510177,53194128,53228774,119.226,25,1,2
6439378,53194128,53228774,260.33799999999997,25,1,2
6510177,53194128,53209885,47.471,25,1,2
6432839,53187982,53183491,88.58,25,1,2
6521496,53194138,53250478,84.361,25,1,2
6521496,53194138,308969552,40.416,25,1,2
6439400,53194138,53194139,160.85000000000002,25,1,2
6457841,53194139,53209899,66.448,25,1,2
6439400,53194139,53194138,160.85,25,1,2
6442367,53194139,53156397,161.384,25,1,2
26787298,293836198,290310113,198.416,25,1,2
6505586,53245354,53091555,234.702,25,1,2
6385495,53130667,53092252,161.769,25,1,2
6505594,53245356,53198984,63.724000000000004,25,1,2
428029633,53245356,53096542,542.4680000000001,25,1,5
428341753,53245356,1147842250,170.23200000000003,25,1,5
25821709,305288621,281650574,59.426,25,1,2
92161109,305288621,53096534,95.641,25,1,2
92161109,305288621,53068290,187.29,25,1,2
158241728,1704779186,1704779105,16.492,25,2,2
158241744,1704779186,1263978210,29.175,25,2,2
6345861,1705002421,53075874,165.054,25,1,2
158265947,1705002421,1705002875,36.693,25,2,2
6428796,53059001,53184435,88.384,25,1,2
6457706,53059001,53189295,170.296,25,1,2
105182507,53059001,1212085482,324.95799999999997,25,1,2
6514997,1144044992,1147842250,261.231,25,1,2
98890126,1144044992,1144045037,193.924,25,1,2
6496415,53239240,53202544,48.593,25,1,2
6510197,53239240,53165342,47.756,25,1,2
6496415,53239240,53239241,72.26299999999999,25,1,2
6502101,53239241,53243406,49.505,25,1,2
6496415,53239241,53239243,72.136,25,1,2
6496415,53239241,53239240,72.26299999999999,25,1,2
6358820,2507404746,2522384820,10.222,25,1,2
28130916,2507404746,53233186,536.234,25,1,2
620224818,2507404746,1155684221,245.91499999999996,25,1,2
6515749,53239243,53080408,79.653,25,1,2
6496415,53239243,53239241,72.136,25,1,2
6515749,53239243,53251311,39.434,25,1,2
6522008,53255643,53136258,290.079,25,1,2
6471887,53220833,53185298,51.486999999999995,25,1,2
4752396,3725213156,30319793,857.756,25,2,2
6422833,305286630,53068149,96.00800000000001,25,1,2
98890126,1144045037,1144044992,193.924,25,1,2
6427065,53220846,53217837,99.489,25,1,2
6414496,53220846,53217837,489.93500000000006,25,1,2
6427065,53220846,53137083,145.738,25,1,2
6448463,53220846,2481409753,316.6940000000001,25,1,2
537097102,3629913586,310092210,131.089,25,1,2
6467990,1107015159,53075958,70.975,25,1,2
6348042,130168311,53084270,232.148,25,1,2
6462521,130168314,53213764,166.64499999999998,25,1,2
28232681,1216087553,310092211,235.259,25,1,2
6502098,53243405,53228775,35.244,25,1,2
6385605,53130766,53111945,59.196,25,1,2
6512018,53130766,53111941,335.568,25,1,2
6505410,53130766,53207863,130.292,25,1,2
6499875,53130767,53049830,119.198,25,1,2
6385605,53130767,53111945,66.682,25,1,2
6413170,53130767,53165344,57.871,25,1,2
6502101,53243406,53239241,49.505,25,1,2
6407609,53157395,53109150,132.706,25,1,2
239790468,2475597337,1203782530,159.191,25,1,2
239790468,2475597344,1203782530,211.509,25,1,2
28130916,53233186,2507404746,536.2339999999999,25,1,2
428023464,53233186,31191261,355.25,25,1,3
428025000,53233186,3797475898,299.976,25,1,5
428025024,53233186,3489047859,405.318,25,1,3
104201604,1202306604,1202306605,74.861,25,1,2
259109507,1202306604,4519860487,164.62,35,1,2
259109507,1202306604,489180385,91.98599999999999,35,1,2
104201604,1202306605,1202306604,74.861,25,1,2
6518717,53253686,53241860,42.781,25,1,2
6332090,53036600,53036602,17.908,25,1,2
6385642,53130809,53130810,49.224,25,1,2
6385642,53130810,53130809,49.224,25,1,2
6480306,53130810,53227167,270.334,25,1,2
6480306,53130810,53227179,103.307,25,1,2
6332090,53036602,53036600,17.908,25,1,2
6455094,53036602,53133210,77.02199999999999,25,1,2
6455094,53036602,53084952,96.25000000000001,25,1,2
6353345,53091899,53091897,125.26699999999998,25,1,2
6470168,53091899,53075891,64.05799999999999,25,1,2
39337924,53091899,1069964564,213.39200000000002,25,1,2
6353345,53091897,53091899,125.26700000000001,25,1,2
6353345,53091897,1705002684,183.026,25,1,2
6393381,53091897,53075879,119.957,25,1,2
6453731,53206592,53141598,69.30499999999999,25,1,2
6480306,53206592,53224157,46.151,25,1,2
6480306,53206592,53173643,103.567,25,1,2
622462892,30320197,280302895,875.631,60,2,4
6470236,2475638342,53157605,269.784,25,1,2
6432019,313351751,53238063,44.632999999999996,25,1,2
6432019,313351751,130167117,715.5630000000001,25,1,2
341825579,313351751,3489047859,38.001,25,2,2
232456036,2294863437,2408078401,77.012,25,1,2
232456036,2294863437,2294863437,236.76800000000003,25,1,2
239946364,2294863437,2294863437,236.768,25,1,2
448710355,2475638349,53157605,52.525,25,1,2
448710355,2475638349,53157607,156.10999999999999,25,1,2
240535155,2482626133,2482626137,57.30199999999999,25,2,1
428029641,2482626133,31190974,53.513999999999996,25,2,2
4729867,2482626137,31190973,36.493,25,1,5
366238188,2482626137,1468429104,11.906,25,1,6
366238186,4271775338,30139314,59.035,25,1,5
428023449,4271775338,30139312,67.936,25,2,3
357893062,3629897322,3629897324,96.487,25,1,2
6505222,3629897324,53209605,673.615,35,1,2
357893062,3629897324,3629897322,96.487,25,1,2
428245564,3629897324,53184435,58.81399999999999,35,1,3
6449243,53202541,53076095,43.784,25,1,2
6422836,53177966,53137103,39.255,25,1,2
359195559,3639502447,280869524,12.605,25,1,2
6449247,53202544,53202545,43.433,25,1,2
6496415,53202544,53239240,48.593,25,1,2
6496415,53202544,53229524,60.248999999999995,25,1,2
6466148,53053041,53216419,20.641,25,1,2
6428776,53053041,1201228284,55.793000000000006,25,1,2
6428776,53053041,53184412,100.24100000000001,25,1,2
6466148,53053041,53216420,98.833,25,1,2
6449247,53202545,53202544,43.433,25,1,2
359195559,3639502448,280869524,10.372,25,1,2
622192068,5877663366,2522384820,32.181,25,1,2
6406702,53106318,2597649564,10.564,25,1,2
6406702,53106318,53064194,97.208,25,1,2
6364816,53106318,293726591,160.79399999999998,25,1,2
6393434,53141144,53141147,39.306,25,1,2
6393434,53141144,53107402,102.646,25,1,2
6449792,53141144,53107404,194.99699999999999,25,1,2
6393434,53141147,53141144,39.306,25,1,2
6480296,53227167,53227168,7.416,25,1,2
6493949,53227167,53237547,42.331,25,1,2
6480306,53227167,53130810,270.334,25,1,2
6480296,53227168,53227167,7.416,25,1,2
6480296,53227168,53119320,87.51400000000001,25,1,2
6493989,53227168,53222635,107.968,25,1,2
6480306,53227176,53173643,71.311,25,1,2
6509549,53227176,53068868,160.951,25,1,2
6510498,53227179,53248028,69.519,25,1,2
6480306,53227179,53130810,103.307,25,1,2
6480306,53227179,53224157,97.31,25,1,2
6510498,53227179,53111969,249.54199999999997,25,1,2
325831342,3324450477,3324450477,150.75599999999997,25,1,2
325831342,3324450477,3324450477,150.756,25,1,2
325831342,3324450477,53189295,121.766,25,1,2
562921024,5425825461,2468362814,209.50900000000001,25,1,2
6390107,53137083,2475672563,308.88,25,1,2
6427065,53137083,4587733641,148.106,25,1,2
6427065,53137083,53220846,145.738,25,1,2
6353345,1705002684,53091897,183.026,25,1,2
158265947,1705002684,1705002421,18.973000000000003,25,2,2
314938014,2468390600,53209914,30.851,25,1,2
6514997,1147842250,1144044992,261.23100000000005,25,1,2
26128561,1147842250,286052441,87.315,25,1,2
428029617,1147842250,53187820,401.63800000000003,25,1,5
428029625,1147842250,53245356,170.232,25,1,5
6390131,53137099,53123112,117.768,25,1,2
55198738,53137099,53201950,74.845,25,1,2
55198738,53137099,4213346117,175.14999999999998,25,1,2
6422836,53137103,53177966,39.255,25,1,2
6390131,53137103,53133192,91.42099999999999,25,1,2
6390131,53137103,53123112,199.427,25,1,2
428033732,3900899026,30139415,274.221,25,1,5
291708010,3900899026,306726782,282.323,25,2,2
240403261,2481409753,2481409754,27.288,25,1,2
6448463,2481409753,53201726,104.73900000000002,25,1,2
6448463,2481409753,53220846,316.694,25,1,2
240403261,2481409754,2481409753,27.288,25,1,2
239946306,2477174498,1215404724,14.317,25,1,2
6367366,1263978210,4271815496,246.91899999999998,25,1,2
158241739,1263978210,1704779105,28.673000000000002,25,2,2
448710355,53157603,53157605,78.564,25,1,2
448710355,53157605,2475638349,52.525,25,1,2
6470236,53157605,2475638342,269.784,25,1,2
448710355,53157605,53157603,78.564,25,1,2
6432632,53157607,53091553,160.513,25,1,2
6432632,53157607,2629277601,118.65700000000001,25,1,2
448710355,53157607,2475638349,156.11,25,1,2
338381915,3454582519,3454582520,47.493,25,1,2
92641550,3454582519,53075939,40.736,25,1,2
92641550,3454582519,1996191545,54.275999999999996,25,1,2
338381915,3454582520,3454582519,47.493,25,1,2
6326747,53016324,53016331,126.32499999999999,25,1,2
259090352,53016324,1107011988,224.08799999999997,25,1,2
428245565,53016324,53184435,581.969,35,1,2
239797653,2597658373,2475671410,212.17700000000002,25,1,2
6406729,3702210311,5835212774,112.089,25,1,2
6326747,53016331,53016324,126.32499999999999,25,1,2
25476303,53092253,3210079048,62.129,25,1,2
6427854,53092253,306724788,175.23399999999998,25,1,2
396452861,53092253,53092252,92.18299999999999,25,1,2
6490665,53092254,53234417,191.37,25,1,2
6342705,53092254,53182487,780.8409999999999,25,1,2
25476303,53092254,3210079048,40.987,25,1,2
6513390,130168604,53167081,193.86700000000002,25,1,2
6508883,130168605,53240525,54.418,25,1,2
572909208,1720121124,2468350757,792.079,60,2,3
622462895,1720121124,3725213156,657.601,25,2,2
6493949,53237547,53227167,42.331,25,1,2
6354191,136929070,53092886,107.657,25,1,2
6457841,280870708,280873155,41.89,25,1,2
6481358,53124917,53152022,72.402,25,1,2
6481358,53124917,53167088,157.20499999999998,25,1,2
6429952,53124917,53185298,200.24699999999999,25,1,2
6387378,1996191545,53133192,54.512,25,1,2
6387378,1996191545,295411624,98.55999999999999,25,1,2
92641550,1996191545,3454582519,54.275999999999996,25,1,2
6477753,53225277,53123138,85.823,25,1,2
6405171,4213346117,53154704,42.155,25,1,2
55198738,4213346117,53137099,175.14999999999998,25,1,2
55198738,4213346117,53154703,85.833,25,1,2
372874224,53059399,3334915324,4.344,30,1,2
6485872,53059399,53107629,68.125,30,1,2
314939526,53059399,1370499690,84.113,25,2,2
622462912,1155684170,3797475916,332.90599999999995,25,1,2
466758796,4615001949,4615001958,118.239,25,1,2
557513439,4615001949,53133197,116.894,25,1,2
557513439,4615001949,53133192,82.673,25,1,2
466758796,4615001958,4615001949,118.239,25,1,2
6477847,53225323,53225326,137.55399999999997,25,1,2
6512833,53225323,2475671467,58.133,25,1,2
6512833,53225323,53183489,63.653999999999996,25,1,2
6477847,53225326,53225323,137.55400000000003,25,1,2
6438231,130168689,53192786,65.641,25,1,2
25476309,2475671410,53182487,157.423,25,1,2
239797653,2475671410,2597658373,212.17700000000002,25,1,2
6477852,53225335,53225336,63.15,25,1,2
6477852,53225336,53225335,63.15,25,1,2
6498193,53225336,53240525,32.862,25,1,2
6498193,53225336,53167085,85.502,25,1,2
158266188,1705002875,53075878,50.624,25,1,2
158265947,1705002875,1705002684,10.92,25,2,2
6477856,53225340,53167077,151.42000000000002,25,1,2
620224818,1155684221,2507404746,245.91499999999996,25,1,2
6387378,53133192,1996191545,54.512,25,1,2
6390131,53133192,53137103,91.421,25,1,2
557513439,53133192,4615001949,82.673,25,1,2
6393780,2468364169,53090621,142.273,25,1,2
557513439,53133197,53133202,77.904,25,1,2
105537337,53133197,1215400398,66.18299999999999,25,1,2
557513439,53133197,4615001949,116.89399999999999,25,1,2
314941853,130166673,30234997,243.514,60,2,3
557513439,53133202,53068151,98.147,25,1,2
557513439,53133202,53133197,77.904,25,1,2
6412585,53133202,53136219,105.321,25,1,2
6428767,53184407,53184408,44.285,25,1,2
6445365,53184408,53193853,97.578,25,1,2
6505413,53184408,53199295,273.009,25,1,2
6428767,53184408,53184407,44.285,25,1,2
6445365,53184408,53199294,65.234,25,1,2
6428776,53184410,53184411,99.105,25,1,2
6494924,53184410,53175085,104.83000000000001,25,1,2
6496402,53184410,306727401,257.734,25,1,2
6455094,53133210,52977840,64.73,25,1,2
557513439,53133210,53119329,200.08,25,1,2
557513439,53133210,53068151,145.311,25,1,2
6455094,53133210,53036602,77.02199999999999,25,1,2
6428776,53184411,53184410,99.105,25,1,2
6499869,53184411,53071197,45.824,25,1,2
6428776,53184411,53092882,84.733,25,1,2
6491506,290310045,53234797,201.048,25,1,2
161389088,290310045,31191217,674.347,25,1,5
161389088,290310045,30139314,600.989,25,1,5
6439869,53194654,53194655,41.737,25,1,2
6495510,53194654,53234919,121.169,25,1,2
6495510,53194654,53068141,84.983,25,1,2
6439869,53194655,53194654,41.737,25,1,2
6385495,53092252,53130667,161.769,25,1,2
396452861,53092252,53092253,92.18299999999999,25,1,2
396452861,53092252,993051733,40.865,25,1,2
6439876,53194657,53084941,42.38,25,1,2
6345861,53075874,1705002421,165.054,25,1,2
428342489,53075874,1069964564,535.8530000000001,35,1,5
428342490,53075874,130166731,663.6180000000002,25,1,5
26958651,295411618,2468391980,33.724,25,1,2
6439878,53194660,53141580,83.652,25,1,2
6432632,2629277601,53157607,118.65700000000001,25,1,2
6432632,2629277601,53187820,192.039,25,1,4
257372079,2629277601,2629277618,135.38,25,1,2
158266188,53075878,53075879,43.844,25,1,2
158266188,53075878,1705002875,50.624,25,1,2
6445328,53075878,53199261,221.644,25,1,2
158266188,53075879,53075881,75.616,25,1,2
158266188,53075879,53075878,43.844,25,1,2
6393381,53075879,53091897,119.957,25,1,2
6387378,295411624,1996191545,98.56,25,1,2
6387378,295411624,53207757,577.976,25,1,2
26958651,295411624,2468391981,133.71599999999998,25,1,2
158266188,53075881,53075879,75.616,25,1,2
6470170,53075881,53199261,83.50999999999999,25,1,2
6470168,53075881,53075891,82.83,25,1,2
183217472,286052265,286052445,44.415,25,1,2
26128572,286052265,2475571148,25.672,25,1,2
239789488,286052265,2475571147,131.53,25,1,2
6512833,2475671467,53066748,15.998,25,1,2
239796456,2475671467,2475671470,28.433,25,1,2
6512833,2475671467,53225323,58.132999999999996,25,1,2
26128561,286052268,286052303,103.062,25,1,2
6445040,286052268,53064255,279.267,25,1,2
85666423,286052268,993864101,71.642,25,1,2
239796456,2475671470,2475671467,28.433,25,1,2
257372079,2629277618,2629277601,135.38,25,1,2
6345863,53075891,53075892,74.7,25,1,2
6470168,53075891,53075881,82.83,25,1,2
6470168,53075891,53091899,64.058,25,1,2
6345863,53075892,53075893,48.715,25,1,2
6345863,53075892,53075891,74.7,25,1,2
6445328,53075892,53199261,223.662,25,1,2
6428796,53184435,53059001,88.384,25,1,2
428245564,53184435,3629897324,58.814,35,1,3
283920677,53184435,53016324,581.969,35,1,2
455599700,4519870389,4519870390,78.094,25,1,2
455599701,4519870389,4519870393,86.651,25,1,2
455599701,4519870389,4519870392,84.707,25,1,2
455599699,4519870390,4519870407,80.248,25,1,2
455599699,4519870390,4519870394,81.213,25,1,2
455599700,4519870390,4519870389,78.094,25,1,2
455599700,4519870390,4519870399,131.953,25,1,2
455599701,4519870392,4519870389,84.707,25,1,2
455599701,4519870393,4519870389,86.651,25,1,2
455599699,4519870394,4519870390,81.213,25,1,2
455599699,4519870394,4519860487,75.596,25,1,2
455599702,4519870394,4519870399,181.164,25,1,2
6345863,53075893,53075892,48.715,25,1,2
6427854,306724788,53092253,175.23400000000004,25,1,2
4729867,31190973,2482626137,36.493,25,1,5
6406702,31190973,53156396,46.535,25,1,2
428023461,31190973,130166731,63.813,25,1,4
428023456,31190974,31190976,139.67899999999997,25,1,5
428029640,31190974,30760185,399.8299999999999,25,2,2
366238189,31190974,1468429104,28.117,25,1,6
455599702,4519870399,4519870408,81.408,25,1,2
455599700,4519870399,4519870390,131.953,25,1,2
455599702,4519870399,4519870394,181.164,25,1,2
428023456,31190976,31190974,139.67899999999997,25,1,5
133397821,31190976,31190995,293.16999999999996,25,2,1
428023450,31190976,30139306,86.03800000000001,25,1,6
6505437,53227453,53245289,11.205,25,1,2
6412268,53227453,53164020,106.09199999999998,25,1,2
6505437,53227453,53207758,55.549,25,1,2
26128572,2475571140,286052324,26.792,25,1,2
26128572,2475571140,286052302,10.41,25,1,2
239789485,2475571140,2475571149,21.743,25,1,2
455599702,4519870405,4519870412,104.483,25,1,2
6499869,53190598,53213538,36.872,25,1,2
6435764,53190598,53190603,158.31799999999998,25,1,2
6499869,53190598,53102892,84.60799999999999,25,1,2
573757289,5509627847,53084962,181.464,25,1,2
455599699,4519870407,4519860488,78.894,25,1,2
455599699,4519870407,4519870390,80.248,25,1,2
455599703,4519870407,4519870408,130.459,25,1,2
455599702,4519870408,4519870411,80.429,25,1,2
455599702,4519870408,4519870399,81.408,25,1,2
455599703,4519870408,4519870407,130.459,25,1,2
455599704,4519870409,4519860488,84.385,25,1,2
455599702,4519870411,4519870412,80.444,25,1,2
455599702,4519870411,4519870408,80.429,25,1,2
455599704,4519870411,4519860488,128.646,25,1,2
428342490,130166731,53075874,663.6179999999999,25,1,5
42284333,130166731,1468429104,80.37700000000001,25,2,1
428023461,130166731,31190973,63.812999999999995,25,1,4
455599702,4519870412,4519870411,80.444,25,1,2
455599705,4519870412,4519870414,185.9,25,1,2
455599702,4519870412,4519870405,104.48299999999998,25,1,2
455599705,4519870414,4519870413,45.085,25,1,2
455599705,4519870414,4519870412,185.9,25,1,2
25821848,4519870414,281651692,78.837,25,1,2
455599705,4519870413,4519870414,45.085,25,1,2
26128582,2475571143,286052441,76.88300000000001,25,1,2
26128567,286052303,286052302,54.669,25,1,2
26128561,286052303,286052445,57.069,25,1,2
26128561,286052303,286052268,103.062,25,1,2
239789488,2475571147,286052265,131.53,25,1,2
133397787,31190995,296268275,766.6909999999999,60,2,2
26128572,2475571148,286052302,29.278,25,1,2
239789486,2475571148,2475571150,20.118,25,1,2
26128572,2475571148,286052265,25.672,25,1,2
26128567,286052302,286052303,54.669,25,1,2
26128572,286052302,2475571140,10.41,25,1,2
26128572,286052302,2475571148,29.278,25,1,2
239789486,2475571150,2475571148,20.118,25,1,2
6433585,53188567,53075948,48.997,25,1,2
6483454,53229524,53076098,132.89,25,1,2
6496402,53229524,307530918,75.65299999999999,25,1,2
6496415,53229524,53202544,60.248999999999995,25,1,2
6433590,53188570,53141585,53.869,25,1,2
6345877,53075930,53075939,35.686,25,1,2
6401465,290310110,53150151,33.461,25,1,2
6401465,290310110,130167177,219.86700000000002,25,1,2
26129049,290310110,53234797,176.08299999999997,25,1,2
55565091,53039071,698418574,51.25,25,1,2
259090352,53039071,1107011988,42.724000000000004,25,1,2
26787298,290310113,293836198,198.416,25,1,2
122720507,290310113,31191254,96.443,25,1,5
428020120,290310113,130167216,82.98400000000001,25,1,4
6345877,53075939,53075941,83.214,25,1,2
6345877,53075939,53075930,35.686,25,1,2
92641550,53075939,3454582519,40.736000000000004,25,1,2
259095696,53194724,30139415,1155.3980000000004,25,1,2
428342489,53194724,1069964564,138.132,35,1,5
428245563,53194724,1188664422,130.11,35,2,2
6352261,53075941,53090619,33.568,25,1,2
6345877,53075941,53075944,63.211999999999996,25,1,2
6345877,53075941,53075939,83.214,25,1,2
6406729,5835212774,3702210311,112.089,25,1,2
617271584,5835212774,30139312,165.167,25,1,4
617271585,5835212774,53167276,207.91000000000003,25,1,3
464776046,4598497255,4598497261,67.09899999999999,25,1,2
6345877,53075944,53075948,82.097,25,1,2
6345877,53075944,53075941,63.212,25,1,2
6361131,53075944,53101606,64.45400000000001,25,1,2
6495083,290310116,53156401,60.874,25,1,2
6495083,290310116,53209899,99.346,25,1,2
25753757,290310116,280873155,165.813,25,1,2
26128572,286052324,2475571140,26.792,25,1,2
85666429,286052324,993864113,11.551,25,1,2
85666429,286052324,993864109,19.761,25,1,2
6346469,2481405929,53078235,111.853,25,1,2
6345877,53075948,53075944,82.097,25,1,2
6433585,53075948,53188567,48.997,25,1,2
6345877,53075948,53075958,59.952,25,1,2
6434415,4598497261,53189291,195.07099999999997,25,1,2
6434415,4598497261,53119893,143.51000000000002,25,1,2
464776046,4598497261,4598497255,67.099,25,1,2
6412268,53164020,53227453,106.092,25,1,2
6412268,53164020,994058864,174.077,25,1,2
6432728,53164020,53187897,92.834,25,1,2
6345877,53075958,53068186,205.971,25,1,2
6345877,53075958,53075948,59.952,25,1,2
6467990,53075958,1107015159,70.97500000000001,25,1,2
6499854,53241846,53096529,89.27799999999999,25,1,2
